15,6.5000
16,6.6000
17,6.9000
18,7.0000
19,7.4000
20,7.3000
21,7.5250
22,7.7000
23,7.7000
0,7.9250
1,7.9000
2,7.6000
3,7.6000
4,7.4250
5,7.5000
6,7.4000
7,7.5000
8,7.2000
9,7.6000
10,7.5000
11,6.6500
12,6.3000
13,5.9250
14,5.8000
15,5.9000
16,5.5250
17,5.6000
18,5.7000
12,0.5000
13,0.4333
14,0.4667
15,0.6000
16,0.7000
17,0.4750
18,0.5000
19,0.6000
20,0.5000
21,0.5000
22,0.6000
23,0.4333
0,0.4333
1,0.3000
2,0.2667
3,0.2000
4,0.3000
5,0.3000
6,0.3000
7,0.1333
8,0.0333
9,0.1000
10,0.2000
11,0.4667
12,0.5000
13,0.4333
14,0.5000
15,0.6000
16,0.6000
17,0.6000
18,0.6000
19,0.4667
20,0.5000
21,0.5667
22,0.4000
23,0.5000
0,0.5333
1,0.5000
2,0.5000
3,0.3000
4,0.1333
5,0.1000
7,-0.3000
8,-0.3000
9,-0.3000
10,-0.4000
11,-0.3667
12,-0.6000
13,-1.3000
14,-1.1500
15,-1.1000
16,-1.0500
17,-1.0000
18,-0.9000
19,-0.8000
20,-0.7000
21,-0.6000
22,-0.5000
23,-0.4000
0,-0.3000
1,-0.2000
2,-0.2000
3,-0.1000
4,-0.1250
8,0.1000
9,0.3000
10,0.6000
11,0.9000
12,1.2000
13,2.0000
14,2.1333
15,2.4750
16,2.8000
17,3.0000
18,3.1000
19,3.4000
20,3.6000
21,3.7000
22,3.9000
23,4.1000
0,4.2000
1,3.9000
2,3.7000
3,3.5000
4,3.3000
5,3.1000
6,3.1000
7,2.9000
8,2.7750
9,2.9000
10,2.5000
11,2.9000
12,3.1333
13,3.4000
14,1.5250
15,2.3000
16,2.5000
17,2.3000
18,1.6750
19,1.5000
20,1.2000
21,1.2000
22,1.0000
23,1.0000
0,1.0000
1,0.9000
2,0.9000
3,0.7000
4,0.5000
5,0.4500
6,0.2000
7,0.1750
8,-0.1000
10,-0.2750
11,-0.5750
12,-0.0250
13,0.1000
14,0.2000
15,-0.4000
16,-0.2500
17,-0.2000
18,-0.3000
19,-0.6000
20,-0.6000
21,-0.5000
22,-0.4000
23,-0.3500
0,-0.1000
2,0.3000
3,0.4000
4,0.5000
5,0.5000
6,0.8000
7,0.9000
8,1.3000
9,1.6000
10,1.9000
11,2.0750
12,1.4000
13,2.7500
14,3.4000
15,3.1000
16,2.9500
17,3.0750
18,2.8500
19,1.9000
20,1.5250
21,0.9500
22,0.8000
23,0.5500
0,0.5250
1,0.3750
2,0.3000
3,-0.3500
4,-0.2000
5,-0.1750
6,-0.2000
7,-0.3000
8,-0.2000
9,-0.1000
11,0.0750
12,0.3250
13,0.5500
14,0.6300
15,0.1500
16,-0.5500
17,-1.3250
18,-1.6500
19,-2.4000
20,-2.3000
21,-2.9000
22,-3.1000
23,-3.1750
0,-4.3000
1,-4.4000
2,-5.0556
3,-5.5700
4,-5.9000
5,-6.1000
6,-6.0000
7,-7.0000
8,-7.6444
9,-8.7250
10,-9.6600
11,-10.4000
12,-9.5250
13,-9.5000
14,-9.8000
15,-10.0500
16,-10.3750
17,-10.4000
18,-10.5000
19,-10.0250
20,-10.2500
21,-10.5000
22,-10.7750
23,-11.1000
0,-11.5500
1,-11.2500
2,-11.2000
3,-11.2000
4,-11.5000
5,-11.8000
6,-12.1750
7,-12.0000
8,-11.7750
9,-11.8000
10,-11.0250
11,-9.7500
13,-9.3000
14,-9.2250
15,-9.2000
16,-9.1000
17,-9.2000
18,-10.0000
19,-10.5750
20,-10.5000
21,-10.6500
22,-10.5250
23,-10.2500
0,-10.4000
1,-10.7000
2,-10.7250
3,-10.8000
4,-11.0000
5,-11.5000
6,-12.2000
7,-12.5000
8,-12.4000
9,-12.3000
10,-12.1250
11,-10.9000
12,-10.1000
13,-9.3000
14,-9.7250
15,-10.5000
16,-10.7000
17,-10.8000
18,-10.3250
19,-10.2000
20,-10.7500
21,-10.8250
22,-10.8750
23,-10.5000
0,-10.4250
1,-10.8000
2,-10.4250
3,-9.9000
4,-9.8500
5,-10.0000
6,-10.0000
7,-10.4000
8,-10.1000
9,-9.5000
10,-8.6750
11,-7.7500
12,-7.0000
13,-6.3000
14,-6.0250
15,-5.7250
16,-5.4000
17,-5.3000
18,-5.0000
19,-4.5000
20,-3.6750
21,-3.1000
22,-2.5000
23,-1.4000
0,-0.2750
1,0.1000
2,0.8500
3,1.5500
4,2.1000
5,3.0750
6,2.4000
7,1.4000
8,1.0000
9,0.0250
10,0.5000
11,0.1000
12,-0.0250
13,-0.2750
14,-0.7000
15,-1.4000
16,-2.1000
17,-2.7000
18,-3.4000
19,-4.1000
20,-4.1000
21,-4.4000
22,-4.8000
23,-4.9000
0,-5.4000
1,-6.0250
2,-6.6000
3,-7.1000
4,-7.4000
5,-7.9000
6,-8.3000
7,-8.5500
8,-8.6000
9,-8.2500
10,-7.0000
11,-5.7000
12,-4.2750
13,-3.2500
14,-3.2250
15,-3.1250
16,-3.6000
17,-4.1000
18,-4.4750
19,-4.7750
20,-5.4000
21,-5.8250
22,-6.0000
23,-6.4250
0,-6.3000
1,-6.4000
2,-6.4000
3,-6.1250
4,-6.4000
5,-6.7250
6,-6.7750
7,-6.8000
8,-6.7000
9,-6.4500
10,-6.2000
11,-6.5250
12,-6.4000
13,-6.3000
14,-6.2500
15,-6.1000
19,-6.9000
20,-6.7000
21,-6.6000
22,-6.8750
23,-6.7250
0,-6.7000
1,-7.2000
2,-7.0000
3,-6.7000
4,-6.7250
5,-6.5750
6,-6.6000
7,-6.9000
8,-7.5250
9,-7.7000
10,-7.8250
11,-7.4750
12,-7.2750
13,-7.0750
14,-6.9000
15,-6.6750
16,-6.6000
17,-6.5000
19,-6.8000
20,-6.6000
21,-6.9000
22,-7.2000
23,-7.7000
0,-7.9000
1,-7.7000
2,-7.4750
3,-7.4500
4,-7.4000
5,-7.3000
6,-7.2000
7,-6.9250
8,-6.9000
9,-6.8250
10,-6.7000
11,-6.3000
12,-6.0000
13,-5.8000
14,-5.7250
15,-5.6750
16,-5.7000
17,-5.6000
18,-5.7000
19,-5.8000
20,-5.6750
21,-5.6000
22,-5.4000
23,-5.4000
0,-5.3000
1,-5.2000
2,-5.2500
3,-5.1500
4,-5.1000
5,-5.0500
6,-4.9000
8,-4.8500
9,-4.7000
10,-4.5250
11,-4.6000
12,-4.2250
13,-3.9250
14,-3.7000
15,-3.8500
16,-3.6500
17,-3.9000
18,-3.8750
19,-3.7500
20,-3.5750
21,-3.6000
22,-3.5750
23,-3.4500
1,-3.2000
2,-2.8250
3,-2.5000
4,-2.2000
5,-2.0250
6,-1.9000
7,-1.5000
8,-1.0500
9,-0.6000
10,-0.0250
11,0.4000
12,0.8000
13,1.2250
14,1.6000
15,1.8000
16,1.9000
17,2.0000
18,2.0000
19,2.0000
20,2.3000
21,2.4000
22,2.6000
23,2.8000
0,2.9500
1,3.1750
2,3.4250
3,3.7000
4,4.8750
5,6.1000
6,6.7000
7,6.8000
8,6.4000
9,6.0000
10,5.8000
11,5.7750
12,5.6000
13,5.8000
14,6.3000
15,6.1250
16,6.0000
17,5.6250
18,5.3250
19,4.9000
20,4.4500
21,4.1000
22,3.9500
23,3.4000
0,2.6000
1,1.6000
2,0.3250
3,0.2500
4,0.3000
5,-0.2250
6,-0.8000
7,-1.7000
8,-2.4000
9,-2.8000
10,-2.3500
11,-1.5500
12,-0.8500
13,-0.9750
14,-0.7000
15,-0.7000
16,-0.7000
17,-0.7000
18,-0.7000
19,-0.6000
20,-1.4000
21,-2.0000
22,-1.4000
23,-1.0000
0,-0.5250
1,0.3000
2,0.6500
3,1.1250
4,2.3000
5,2.6000
6,3.0000
7,3.4750
8,4.3250
9,5.3000
10,5.5000
11,6.4750
12,7.7000
13,8.1000
14,8.0000
15,8.0000
16,7.4250
17,6.8000
18,7.1500
19,7.2750
20,7.0500
21,6.8000
22,6.6000
23,6.3000
0,6.1500
1,5.9000
2,5.6000
3,5.7500
4,5.7000
5,5.6000
6,5.3000
7,5.0500
8,5.2250
9,5.3000
10,5.5000
11,6.0000
12,6.0000
13,6.1000
14,6.5000
15,6.3000
16,5.5500
17,4.6000
18,4.5750
19,4.3000
20,4.4000
21,4.7000
22,4.9000
23,4.5500
0,4.3000
1,4.0000
2,4.2250
3,4.7000
4,5.5000
5,5.8000
6,6.5000
7,6.4000
8,7.2250
9,8.2000
10,8.7000
11,9.0500
12,9.7000
13,9.2750
14,9.0000
15,8.4250
16,7.9000
17,7.1250
18,6.1500
19,6.1500
20,5.6000
21,5.0000
22,5.0000
23,4.4750
0,4.1000
1,4.2000
2,3.7000
3,3.6000
4,3.8000
5,4.0000
6,4.1000
7,4.1000
8,4.1500
9,4.0000
10,2.7000
11,2.6000
12,2.4250
13,3.1500
14,3.0000
15,2.9000
16,2.7000
17,2.7000
18,2.4750
19,2.4000
20,2.2000
21,2.2250
22,2.2000
23,1.9000
0,1.3000
1,1.5000
2,1.5500
3,1.6000
4,1.0000
5,-0.2000
6,0.0500
7,-0.5000
8,-1.4000
9,-1.5000
10,-1.0000
11,-0.8750
12,-0.6000
13,-0.9250
14,-0.6500
15,-1.0000
16,-1.3000
17,-1.6000
18,-1.6000
19,-2.0750
20,-2.4500
21,-2.5000
22,-2.8750
23,-3.0500
0,-3.5000
1,-3.5000
2,-3.6000
3,-3.9000
4,-3.7250
5,-3.5500
6,-3.9500
7,-4.3000
8,-4.5000
9,-3.7000
10,-1.8250
11,-1.0750
12,-0.4000
13,-0.3000
14,-0.9000
15,-1.0000
16,-1.1750
17,-1.1000
18,-1.1000
19,-1.0250
20,-1.2000
21,-1.3000
22,-1.4000
23,-1.5000
0,-1.6000
1,-1.8000
2,-1.9500
3,-2.1000
4,-2.5500
5,-3.3000
6,-3.4000
7,-3.3000
8,-3.0000
9,-2.7000
10,-2.5000
11,-2.3000
12,-2.0000
13,-1.7750
14,-1.7000
15,-1.8000
16,-1.6000
17,-1.5500
18,-1.6000
19,-1.3250
20,-1.2000
21,-1.1000
22,-0.9000
23,-0.5000
0,-0.5000
1,-0.5000
2,-0.6500
3,-1.2000
4,-1.6000
5,-1.8250
6,-2.0000
7,-1.9750
8,-2.0500
9,-2.0000
10,-1.9000
11,-1.0000
12,-1.9500
13,-2.9000
14,-3.3500
15,-3.3750
16,-3.8000
17,-4.0000
18,-4.2000
19,-4.7000
20,-4.7250
21,-5.1000
22,-5.1000
23,-5.0000
0,-5.1000
1,-5.5000
2,-5.5000
3,-5.5000
4,-5.6000
5,-5.5000
6,-5.2250
7,-5.1000
8,-4.9000
9,-4.7500
10,-4.7000
11,-4.5750
12,-3.6750
13,-3.5000
14,-3.7250
15,-4.3500
16,-5.6000
17,-6.4750
18,-7.5000
19,-7.9000
20,-8.7000
21,-9.0000
22,-9.9000
23,-10.7000
0,-11.4250
1,-12.0250
2,-12.5500
3,-12.7500
4,-12.7500
5,-13.1000
6,-13.8000
7,-14.6750
8,-15.2750
9,-15.3000
10,-14.4000
11,-13.5750
12,-13.0000
13,-12.8000
14,-12.2500
15,-12.5000
16,-12.8250
17,-13.6000
18,-14.1000
19,-14.5000
20,-14.7000
21,-14.4000
22,-14.3000
23,-14.8000
0,-15.0000
1,-14.9000
2,-14.9000
3,-14.8000
4,-14.6250
5,-14.2000
6,-14.3000
7,-14.7000
8,-14.9000
9,-12.7500
10,-10.5750
12,-7.4333
13,-5.6000
14,-4.4000
15,-3.7500
16,-3.3000
17,-2.8000
18,-2.3000
19,-1.8000
20,-1.0500
21,-0.3000
22,0.3000
23,0.8000
0,1.0000
1,1.3000
2,1.5000
3,1.9500
4,2.1000
5,2.1500
6,2.2000
7,2.4000
8,2.6750
9,3.0500
10,3.4750
11,4.0000
12,3.9250
13,3.7000
14,4.0000
15,3.7000
16,4.1500
17,4.4000
18,4.0000
19,2.8750
20,0.4250
21,1.1000
22,1.8250
23,1.9000
0,2.0000
1,1.7750
2,1.9000
3,1.7500
4,1.0750
5,0.9000
6,1.3000
7,1.6000
8,1.9250
9,1.9500
10,2.0000
11,1.9000
12,1.9500
13,1.7750
14,2.1750
15,2.3000
16,1.4000
17,1.7000
18,1.6000
19,1.9000
20,1.9000
21,1.6000
22,1.5000
23,1.6000
0,1.5000
1,1.5000
2,1.4000
3,1.3000
4,1.1000
5,1.0000
6,0.9000
7,0.8000
8,0.6000
9,0.5000
10,0.5000
11,0.6250
12,0.4500
13,0.5000
14,0.3750
15,0.2500
17,-0.3000
18,-0.9000
19,-1.1000
20,-1.4000
21,-1.7000
22,-1.9000
23,-2.3000
0,-2.2000
1,-2.4000
2,-2.4000
3,-1.7000
4,-1.8000
5,-1.6000
6,-0.4000
7,-1.1750
8,-0.4750
9,0.0500
10,0.6000
11,0.9250
12,1.3000
13,1.5000
14,1.8000
15,1.2000
16,0.9000
17,0.7000
18,0.8000
19,0.7500
20,0.3750
22,-0.1250
23,-0.1000
0,-0.3500
1,-0.4000
2,-0.8000
3,-1.8000
4,-2.8500
5,-3.9750
6,-3.8000
7,-3.9250
8,-3.9182
10,-3.4750
11,-2.9750
12,-2.6750
13,-2.7000
14,-2.6000
15,-2.5000
20,-3.2000
21,-3.6250
22,-4.0000
23,-4.6000
0,-5.0000
1,-5.5000
2,-5.8000
3,-6.2000
4,-6.6000
5,-7.1000
6,-7.4000
7,-7.5250
8,-7.5000
9,-6.4500
10,-5.5000
11,-3.5250
12,-2.5000
13,-1.5500
14,-1.3000
18,-1.2000
19,-1.1000
20,-1.2000
21,-1.7000
22,-1.9000
23,-2.1000
0,-1.9000
1,-1.8000
2,-1.6000
3,-1.5000
4,-1.2750
5,-1.1000
6,-1.7000
7,-1.9750
8,-2.2000
9,-2.3000
10,-1.5000
11,-0.3500
12,0.8000
13,1.6250
14,1.5000
15,1.6000
16,1.5000
17,0.9250
18,0.3000
19,0.2250
20,0.4250
21,0.4000
22,0.3750
23,0.1000
0,0.1000
1,-0.5750
2,-1.5000
3,-1.9000
4,-2.5000
5,-2.8000
6,-2.9500
7,-3.2000
8,-3.0000
9,-2.6500
10,-2.3000
11,-2.3250
14,-1.6500
16,-1.3000
17,-1.5000
18,-1.2000
19,-0.9000
20,-1.1000
21,-1.3000
22,-1.1500
23,-1.2000
0,-1.4000
1,-1.9000
2,-2.2500
3,-2.2000
4,-2.3000
5,-2.1000
6,-2.0000
7,-2.3000
8,-2.3000
9,-2.2000
10,-2.0000
11,-1.9500
12,-1.0750
13,-1.3500
14,-2.7750
15,-2.0000
16,-2.3750
17,-3.0000
18,-3.6250
19,-3.7000
20,-3.8000
21,-3.9250
22,-4.3000
23,-4.8000
0,-5.2000
1,-5.1000
2,-5.0000
3,-4.7000
4,-4.8000
5,-4.6500
6,-5.2750
7,-5.9250
8,-6.4000
9,-6.5000
10,-5.4500
11,-4.7500
12,-3.9750
13,-3.8250
14,-4.1750
15,-3.9000
16,-4.2500
17,-4.4250
18,-4.6000
19,-4.4000
20,-4.4000
21,-4.7000
22,-4.7500
23,-4.8000
0,-4.8500
1,-5.2750
2,-6.3250
3,-7.4750
4,-8.8750
5,-9.0250
6,-9.1250
7,-8.8000
8,-9.2000
9,-8.1000
10,-6.8250
11,-6.1500
12,-5.9000
13,-5.1750
14,-4.4750
15,-4.6000
16,-4.7000
17,-4.7000
18,-4.8000
19,-4.8455
21,-5.3000
22,-5.7000
23,-5.8000
0,-6.0000
1,-6.3000
2,-6.7000
3,-7.0000
4,-7.2000
5,-7.3750
6,-7.7000
7,-7.9000
8,-8.2250
9,-8.2000
10,-8.5250
11,-8.2750
12,-7.1750
13,-6.8500
14,-6.6500
15,-7.0000
16,-6.7000
17,-6.7000
18,-7.0000
19,-6.9000
20,-6.7000
21,-6.5000
22,-6.1000
23,-5.8000
0,-5.5000
1,-5.0750
2,-4.7000
7,-2.9000
8,-3.2000
9,-3.0750
10,-2.6250
11,-2.2500
12,-1.8250
13,-1.3750
14,-1.5000
15,-1.7000
16,-1.9500
17,-2.2250
18,-2.3750
19,-2.3000
20,-2.5250
21,-2.5000
22,-2.8000
23,-2.6500
0,-2.7250
1,-2.9000
2,-3.5000
3,-3.6000
4,-3.5000
5,-3.8750
6,-3.9750
7,-4.6000
8,-4.5250
9,-4.0000
10,-3.1750
11,-2.0250
12,-1.9250
13,-1.6000
14,-1.0000
15,-0.9250
16,-0.4000
19,0.5000
20,0.5500
21,0.4500
22,0.5000
23,0.4250
0,0.5000
1,0.4000
2,0.4250
3,0.3000
4,0.3000
5,0.1750
6,0.2000
7,0.3000
8,0.5000
9,0.7000
10,1.1000
11,1.3000
12,1.9250
13,2.5000
14,2.8000
15,2.7000
16,2.1750
17,1.3000
18,1.4000
19,1.3000
20,0.7000
21,0.7000
22,0.6000
23,0.8750
0,0.9000
1,0.8000
2,0.6000
3,0.5000
4,0.3000
5,0.2750
6,0.0250
7,0.2000
8,-0.1000
9,-0.0250
10,-0.2000
11,-0.1000
12,-0.1000
15,0.1000
16,-0.2500
17,-0.3000
18,-0.5000
19,-0.7000
20,-0.8750
21,-1.3000
22,-1.8000
23,-2.2000
0,-2.3250
1,-2.3000
2,-2.1000
3,-1.9000
4,-2.4250
5,-2.7000
6,-2.5000
7,-2.1250
8,-2.5000
9,-1.9250
10,-0.4250
11,0.6000
12,2.5000
13,2.7000
14,3.5000
15,3.4500
16,2.9000
17,2.5000
18,2.1750
19,2.1000
20,1.1000
21,0.6000
22,0.5750
23,0.5000
0,0.6000
1,0.6000
2,0.4250
3,0.2500
4,0.3000
7,-0.2000
8,-0.4000
9,-0.4750
10,-0.2750
11,-0.1000
12,-0.0500
13,0.1500
14,-0.0500
15,-0.0750
16,-0.1500
17,-0.2000
18,-0.2000
19,-0.1250
20,-0.5000
21,-0.2750
22,-0.3000
23,-0.6250
0,-0.7000
1,-0.8000
2,-0.8000
3,-0.9000
4,-1.0000
5,-1.1000
6,-1.2000
7,-1.4000
8,-1.8000
9,-1.8000
10,-1.4500
11,-1.0250
12,-0.7000
13,-0.4750
14,-0.4000
15,-0.4000
16,-0.4750
17,-0.7000
18,-0.8000
19,-0.9250
20,-1.1250
21,-1.3250
22,-1.5500
23,-1.9000
0,-2.1000
1,-2.2000
2,-2.7500
3,-2.9000
4,-3.3000
5,-3.5000
6,-3.5750
7,-3.9250
8,-4.1000
9,-2.9000
10,-1.8500
11,-1.2750
12,0.1500
13,1.0000
14,0.9500
15,1.2250
16,1.0000
17,0.7000
18,0.4000
19,0.5000
20,0.4500
21,0.4000
22,0.7000
23,0.8000
0,0.6000
1,0.6000
2,0.8000
3,0.8250
4,1.0000
5,1.0500
6,0.8000
7,0.8000
8,0.9750
9,1.1000
10,1.2750
11,0.3000
18,-2.3000
19,-2.9750
20,-3.2000
9,-7.2000
10,-7.1636
11,-3.7000
12,-2.9000
13,-1.8750
14,-2.4000
15,-2.0500
16,-2.1000
17,-2.8250
18,-3.8250
21,-6.3000
22,-6.3750
23,-6.8500
0,-6.4250
6,-3.8000
7,-3.6500
8,-3.8000
10,-3.2000
11,-2.3000
12,-1.3000
13,-0.8000
14,-0.5000
16,0.1000
19,0.6250
20,1.3000
21,1.4000
22,0.9000
23,0.6000
0,0.6000
8,0.8000
10,1.2000
11,1.6000
12,2.3000
13,3.3250
18,1.2000
19,1.4000
20,1.9000
22,2.0000
23,1.6000
0,1.9200
1,2.2000
2,1.9000
3,2.0000
4,2.0000
7,2.0200
9,1.9000
10,2.0000
11,2.0000
12,2.9000
13,2.8500
15,3.7000
16,3.6750
17,3.1000
19,2.6000
20,2.4000
21,2.5000
23,2.5000
0,2.2000
1,1.5000
2,1.5000
7,0.7000
8,0.6750
9,0.8000
10,1.1750
11,1.8000
12,1.7000
16,1.8000
17,1.4000
23,0.3500
0,0.4000
1,0.3000
2,0.3000
6,0.4000
7,0.8000
9,2.1000
10,2.6000
11,3.2333
12,3.6000
14,4.5250
15,5.1000
16,4.8000
17,4.0750
18,3.3000
19,3.2000
20,3.2000
21,2.8750
22,2.4000
23,2.4000
0,1.9000
1,1.9091
7,4.4000
8,4.4546
11,5.2000
12,5.7000
13,5.5250
14,5.5182
15,5.9000
16,5.8000
17,5.1000
19,4.2000
20,3.3000
22,2.6750
23,2.5000
0,2.5000
7,3.9000
8,3.9000
9,4.5750
10,5.1000
11,5.0778
15,6.4500
19,3.1000
20,2.6250
21,2.9500
22,3.3000
0,2.9000
1,2.4250
2,0.4500
3,-0.0750
4,-0.1000
5,-0.1000
7,0.1000
8,0.2000
10,0.5500
11,0.8250
12,1.3000
13,1.5250
14,1.3000
15,1.5750
16,1.7000
17,1.2000
18,0.6000
19,0.2000
20,-0.2500
21,-0.6000
22,-0.8000
23,-1.0000
0,-1.3000
1,-1.7000
2,-1.7000
9,-2.2500
10,-2.1546
11,0.9250
12,1.8750
14,2.5250
15,2.5909
17,1.6000
20,0.2000
22,0.1500
0,0.2500
1,0.2273
7,-1.4000
8,-1.4750
10,0.8000
13,3.7750
16,3.4500
21,0.5600
22,0.3600
23,0.3273
13,4.7667
15,4.4000
18,3.1000
19,2.5000
20,2.0000
7,-0.2000
9,0.3000
10,0.2000
11,0.6500
12,1.0500
13,1.3500
14,1.2750
16,1.6000
17,1.4000
19,0.8000
20,0.7750
9,3.0000
10,4.5500
11,5.4750
12,6.5000
13,7.1000
14,6.3333
15,5.8000
17,5.9000
18,6.2500
19,6.4667
16,5.8000
20,6.4800
9,2.4333
10,3.8333
11,4.3500
12,4.7000
14,5.5500
15,3.9333
16,5.9750
17,3.6000
18,3.9000
21,2.4000
22,2.0000
23,1.6750
13,4.7300
19,3.9000
0,1.6364
8,2.2500
9,2.5000
11,4.2000
12,4.8250
14,6.4250
15,7.8333
18,7.2000
19,7.4000
20,6.5000
21,6.0000
22,6.6250
23,5.9250
0,5.3750
1,4.7250
2,4.5000
3,4.0000
4,3.8000
5,3.6500
6,2.9750
7,2.3000
8,2.0000
9,3.2000
10,4.7750
11,5.5250
12,5.8000
13,6.5000
14,6.8500
15,6.1000
16,5.9000
17,5.3000
18,4.5000
19,4.1000
20,3.9000
21,4.1500
22,4.0250
23,4.0000
0,3.8000
1,3.8000
2,3.6750
3,2.9500
4,2.9500
10,5.3250
11,6.6250
12,7.1000
13,7.6000
14,7.3250
15,7.9000
16,7.6000
17,7.8000
18,7.9250
16,11.3000
17,11.5000
18,11.7000
19,11.7000
20,10.7000
21,10.7000
22,10.8000
23,10.6000
0,10.4000
1,10.3000
2,9.5000
3,7.9000
4,8.3000
5,7.4000
6,7.4000
7,7.5000
8,9.5000
9,11.4000
10,13.2000
11,15.8000
12,17.0000
13,18.0000
14,18.4000
15,19.2000
16,19.5000
17,19.4000
18,18.8000
19,17.6000
20,16.2000
21,14.7000
22,13.2000
23,12.3000
0,11.6000
1,10.8000
2,10.0000
3,9.1000
4,8.3000
5,7.8000
6,7.3000
7,6.9000
8,7.0000
9,8.5000
10,9.5000
11,10.5000
12,11.7000
13,13.2000
14,13.2000
15,8.5000
16,8.5000
17,8.7000
18,10.7000
19,10.7000
20,9.9000
21,9.3000
23,7.8000
0,7.4000
1,7.8000
2,7.2000
3,7.2000
4,6.8000
5,7.2000
6,7.0000
7,6.6000
8,7.0000
9,7.6000
10,8.4000
11,10.2000
12,10.7000
13,10.8000
14,10.6000
15,10.6000
16,11.9000
17,12.0000
18,11.9000
19,10.0000
20,10.1000
21,11.3000
22,10.4000
23,9.8000
0,9.1000
1,8.5000
2,7.5000
3,6.8000
4,6.0000
5,5.6000
6,5.3000
7,5.1000
8,5.3000
9,6.1000
10,6.6000
11,6.9000
12,8.1000
13,8.6000
14,7.9000
15,8.1000
16,8.2000
17,6.6000
18,7.1000
19,7.2000
20,6.9000
21,7.0000
22,6.4000
23,5.6000
0,5.9000
1,5.0000
2,4.0000
3,4.0000
4,3.9000
5,3.8000
6,3.4000
7,3.4000
8,4.2000
9,6.5000
10,7.3000
11,8.3000
12,8.7000
13,8.9000
14,9.3000
15,9.0000
16,8.9000
17,9.0000
18,8.9000
19,9.1000
20,8.3000
21,7.6000
22,7.0000
23,6.4000
0,5.8000
1,5.4000
2,4.9000
3,4.8000
4,4.3000
5,4.0000
6,3.6000
7,3.5000
8,3.9000
9,4.8000
10,5.7000
11,7.2000
12,8.9000
13,9.6000
14,9.7000
15,9.7000
16,9.7000
17,9.1000
18,7.9000
19,7.0000
20,7.4000
21,5.8000
22,5.5000
23,5.4000
0,5.5000
1,5.3000
2,5.2000
3,4.6000
4,4.9000
5,4.8000
6,4.2000
7,4.5000
8,4.5000
9,4.1000
10,4.1000
11,4.2000
12,4.7000
13,5.0000
14,5.0000
15,4.8000
16,5.1000
17,5.1000
18,5.3000
19,5.5000
20,5.3000
21,5.2000
22,5.0000
23,5.0000
0,5.2000
1,5.2000
2,5.2000
3,5.3000
4,5.5000
5,5.4000
6,5.4000
7,5.4000
8,5.7000
9,5.9000
10,6.5000
11,7.3000
12,8.5000
13,11.1000
14,11.8000
15,12.9000
16,14.1000
17,14.4000
18,13.8000
19,12.9000
20,11.4000
21,10.3000
22,9.6000
23,7.4000
0,6.2000
1,5.7000
2,5.2000
3,4.7000
4,5.1000
5,7.7000
6,7.7000
7,8.3000
8,10.4000
9,12.1000
10,13.7000
11,15.4000
12,16.4000
13,17.4000
14,19.0000
15,19.4000
16,20.4000
17,20.4000
18,20.4000
19,19.8000
20,18.7000
21,17.7000
22,17.0000
23,16.6000
0,14.8000
1,13.9000
2,13.5000
3,12.3000
4,11.4000
5,10.7000
6,10.1000
7,9.8000
8,10.0000
9,10.8000
10,11.0000
11,11.6000
12,13.4000
13,8.3000
14,6.6000
15,6.6000
16,6.3000
17,5.6000
18,5.5000
19,5.1000
20,5.1000
21,5.0000
22,5.1000
23,4.9000
0,4.4000
1,3.7000
2,3.2000
3,2.8000
4,2.7000
5,2.0000
6,2.0000
7,2.3000
8,2.7000
9,1.7000
10,2.9000
11,4.0000
12,4.7000
13,4.5000
14,4.6000
15,3.6000
16,4.0000
17,4.5000
18,3.7000
19,3.7000
20,2.6000
21,2.5000
22,2.2000
23,1.4000
0,0.2000
2,-0.3000
3,-0.3000
4,-0.3000
5,-0.1000
6,-0.2000
8,0.1000
9,0.7000
10,1.1000
11,2.2000
12,2.3000
13,3.0000
14,4.1000
15,4.7000
16,5.5000
17,5.2000
18,5.5000
19,5.6000
20,5.1000
21,4.6000
22,4.0000
23,3.7000
0,3.5000
1,3.3000
2,3.1000
3,2.6000
4,2.1000
5,1.9000
6,1.7000
7,1.8000
8,2.3000
9,3.2000
10,3.7000
11,4.5000
12,4.9000
13,5.4000
14,5.9000
15,6.7000
16,7.2000
17,6.8000
18,6.4000
19,5.9000
20,5.7000
21,5.3000
22,4.8000
23,4.9000
0,4.9000
1,4.9000
2,5.0000
3,5.0000
4,5.0000
5,4.9000
6,4.8000
7,4.9000
8,5.3000
9,6.0000
10,6.4000
11,6.6000
12,7.6000
13,7.9000
14,8.4000
15,9.0000
16,9.1000
17,9.1000
18,9.0000
19,8.6000
20,6.7000
21,5.6000
22,5.2000
23,5.0000
0,4.9000
1,4.8000
2,4.9000
3,4.8000
4,4.7000
5,4.6000
6,4.6000
7,4.6000
8,4.1000
9,4.2000
10,5.0000
11,5.9000
12,6.5000
13,6.6000
14,6.9000
15,6.3000
16,6.6000
17,6.9000
18,7.1000
19,7.3000
20,6.6000
21,6.5000
22,6.2000
23,5.8000
0,5.8000
1,5.4000
2,5.3000
3,5.4000
4,5.1000
5,5.0000
6,5.1000
7,5.4000
8,5.8000
9,6.1000
10,6.5000
11,6.8000
12,6.9000
13,7.1000
14,7.5000
15,8.1000
16,9.0000
17,9.8000
18,10.5000
19,10.2000
20,10.2000
21,10.2000
22,10.3000
23,10.4000
0,9.9000
1,9.6000
2,9.2000
3,8.9000
4,8.6000
5,7.8000
6,6.9000
7,6.6000
8,7.1000
9,7.8000
10,9.1000
11,10.9000
12,12.4000
13,13.2000
14,15.7000
15,15.8000
16,16.4000
17,16.5000
18,15.7000
19,15.1000
20,14.5000
21,13.7000
22,12.8000
23,12.0000
0,11.5000
1,11.4000
2,10.3000
3,9.4000
4,9.4000
5,9.3000
6,9.1000
7,9.1000
8,9.3000
9,11.1000
10,11.4000
11,12.8000
12,13.5000
13,14.5000
14,15.6000
15,15.1000
16,15.7000
17,15.8000
18,16.3000
19,16.3000
20,15.1000
21,13.6000
22,12.8000
23,12.6000
0,12.6000
1,11.9000
2,12.0000
3,11.7000
4,11.6000
5,11.5000
6,10.9000
7,11.6000
8,12.6000
9,14.7000
10,16.5000
11,18.6000
12,19.2000
13,18.1000
14,19.4000
15,18.9000
16,19.6000
17,19.3000
18,19.7000
19,19.5000
20,17.5000
21,15.3000
22,14.4000
23,15.9000
0,15.6000
1,14.9000
2,13.9000
3,13.0000
4,11.8000
5,11.4000
6,11.1000
7,10.9000
8,11.1000
9,11.5000
10,13.4000
11,14.2000
12,13.6000
13,13.8000
14,14.9000
15,13.6000
16,14.9000
17,13.7000
18,13.0000
19,11.2000
20,10.8000
21,10.0000
22,10.2000
23,10.1000
0,9.7000
1,9.5000
2,9.3000
3,9.0000
4,9.1000
5,8.9000
6,8.6000
7,8.2000
8,10.1000
9,10.7000
10,11.9000
11,12.6000
12,13.7000
13,15.0000
14,15.3000
15,15.2000
16,15.3000
17,15.5000
18,16.1000
19,14.2000
20,13.8000
21,12.9000
22,12.6000
23,12.4000
0,11.4000
1,10.6000
2,9.9000
3,9.6000
4,8.6000
5,8.1000
6,7.7000
7,8.9000
8,10.3000
9,12.0000
10,12.0000
11,13.1000
12,12.9000
13,14.9000
14,16.0000
15,16.0000
16,15.7000
17,16.1000
18,15.8000
19,15.3000
20,13.6000
21,12.2000
22,11.5000
23,10.5000
0,9.6000
1,9.1000
2,8.8000
3,7.8000
4,7.1000
5,6.6000
6,5.3000
7,6.7000
8,8.4000
9,10.9000
10,13.0000
11,15.0000
12,14.1000
13,14.3000
14,14.4000
15,15.2000
16,14.7000
17,15.2000
18,15.0000
19,14.0000
20,13.5000
21,12.9000
22,13.0000
23,12.8000
0,11.6000
1,11.2000
2,11.2000
3,10.8000
4,10.4000
5,9.8000
6,9.7000
7,9.4000
8,10.1000
9,10.9000
10,12.6000
11,12.5000
12,13.4000
13,13.2000
14,13.4000
15,14.1000
16,14.4000
17,15.1000
18,14.1000
19,13.7000
20,12.6000
21,10.9000
22,9.6000
23,8.4000
0,7.2000
1,7.0000
2,6.0000
3,5.4000
4,4.7000
5,4.5000
6,4.1000
7,5.5000
8,8.4000
9,12.2000
10,14.5000
11,13.5000
12,14.3000
13,14.6000
14,15.4000
15,15.1000
16,15.7000
17,15.5000
18,16.2000
19,15.9000
20,14.4000
21,11.8000
22,10.9000
23,11.2000
0,11.0000
1,10.9000
2,11.5000
3,11.5000
4,11.0000
5,10.6000
6,9.8000
7,10.7000
8,13.3000
9,14.5000
10,15.8000
11,16.7000
12,17.3000
13,17.7000
14,19.3000
15,18.3000
16,18.8000
17,19.7000
18,19.1000
19,18.1000
20,17.3000
21,16.1000
22,16.0000
23,15.5000
0,13.9000
1,12.1000
2,11.5000
3,12.8000
4,12.6000
5,13.3000
6,13.0000
7,13.4000
8,15.3000
9,16.7000
10,17.0000
11,18.1000
12,19.4000
13,20.2000
14,19.6000
15,20.2000
16,16.4000
17,19.2000
18,19.6000
19,18.7000
20,16.9000
21,15.1000
22,14.5000
23,14.9000
0,14.0000
1,13.7000
2,13.1000
3,12.2000
4,11.6000
5,10.8000
6,10.0000
7,10.1000
8,12.4000
9,13.2000
10,14.8000
11,14.5000
12,14.8000
13,15.2000
14,16.1000
15,16.5000
16,15.4000
17,15.6000
18,15.3000
19,14.1000
20,12.4000
21,10.9000
22,9.4000
23,8.2000
0,7.3000
1,6.8000
2,6.3000
3,5.6000
4,5.2000
5,4.7000
6,4.2000
7,4.8000
8,6.8000
9,8.5000
10,10.1000
11,10.7000
12,11.6000
13,12.6000
14,13.2000
15,13.6000
16,14.0000
17,14.2000
18,14.6000
19,14.1000
20,12.9500
21,11.0000
22,9.8000
23,9.3000
0,8.4000
1,8.9000
2,7.5000
3,6.9500
4,6.0000
5,6.3000
6,6.4000
7,7.9000
8,10.8000
9,13.6000
10,14.9000
11,15.0000
12,15.5000
13,16.7000
14,17.5000
15,17.8000
16,17.8000
17,17.7500
18,17.8000
19,17.6000
20,17.0000
21,15.7000
22,14.7000
23,13.7000
0,12.9500
1,12.4000
2,11.7000
3,11.9000
4,12.1000
5,11.8000
6,11.2500
7,11.2000
8,13.2000
9,14.0000
10,15.9000
11,17.3000
12,18.9000
13,20.0000
14,19.9000
15,19.2000
16,19.1000
17,19.6000
18,19.2000
19,18.9000
20,18.0000
21,17.2000
22,16.9000
23,16.3000
0,16.0000
1,15.7000
2,15.5000
3,15.7000
4,14.8000
5,14.1000
6,13.5000
7,13.8000
8,14.9000
9,15.7000
10,16.4000
11,17.3000
12,20.4000
13,20.8000
14,21.8000
15,22.8000
16,20.2000
17,18.9000
18,19.0000
19,18.8000
20,18.2000
21,17.2000
22,16.0000
23,15.7500
0,15.9000
1,15.6000
2,13.5000
3,12.8000
4,12.2000
5,11.8000
6,11.2000
7,11.8000
8,12.2000
9,13.3000
10,14.0000
11,15.2000
12,16.2000
13,16.2000
14,16.8000
15,16.4000
16,16.3000
17,16.5000
18,15.9000
19,15.5000
20,14.4000
21,12.9000
22,11.8000
23,10.5000
0,10.0000
1,9.0000
2,8.6000
3,7.5000
4,5.7000
5,5.2000
6,4.8000
7,6.8000
8,11.7000
9,12.5000
10,14.5000
11,13.9000
12,15.5000
13,15.7000
14,15.9000
15,16.5000
23,10.9667
0,10.2000
1,9.8000
2,8.7333
3,7.9000
4,7.3667
5,5.9333
6,5.3000
7,6.1667
8,6.6000
9,7.0667
10,7.3333
11,7.4333
12,7.6333
13,7.4667
14,8.1667
15,8.7333
16,10.4333
17,9.7333
18,10.9667
19,11.0000
20,10.6333
21,10.6333
22,9.9333
23,9.3000
0,9.7000
1,9.1000
2,8.3000
3,7.6000
4,7.0000
5,6.5000
6,6.7000
7,7.9000
8,11.1000
9,15.1000
10,15.7000
11,17.1500
12,18.1000
13,18.7000
14,19.7000
15,20.0000
16,19.4000
17,19.8000
18,19.6000
19,19.0000
20,18.0000
21,16.2000
22,14.8000
23,14.3000
0,13.6000
1,13.3000
2,13.0000
3,12.6000
4,13.0000
5,12.3000
6,12.2000
7,12.6000
8,11.9500
9,12.8000
10,14.5000
11,14.3000
12,16.8000
13,19.2000
14,20.9000
15,21.9000
16,24.5000
17,23.3000
18,23.6000
19,22.9000
20,21.2000
21,19.8000
22,20.2000
23,18.5000
0,18.9000
1,18.5000
2,18.6000
3,17.7000
4,16.8000
5,16.4000
6,16.3000
7,16.8000
8,18.7000
9,20.3000
10,20.6000
11,21.7500
12,23.1000
13,18.7000
14,17.3000
15,18.1000
16,21.1000
17,21.6000
18,22.3000
19,21.3500
20,20.4000
21,18.6000
22,16.5000
23,15.5000
0,14.9000
1,14.7000
2,13.6000
3,13.0000
4,12.1000
5,11.3000
6,11.5000
7,12.0000
8,12.5000
9,12.8000
10,12.5000
11,12.1000
12,12.3000
13,11.2000
14,10.5000
15,10.5000
16,10.9000
17,10.6000
18,10.6000
19,10.2000
20,10.0000
21,10.1500
22,10.1000
23,10.0000
0,9.8000
1,9.9000
2,9.8000
3,9.6000
4,9.5000
5,9.4000
6,9.4000
7,9.8000
8,11.9000
9,13.7000
10,14.6000
11,16.0000
12,15.5000
13,15.4000
14,13.7000
15,15.2000
16,16.7000
17,16.7000
18,16.3000
19,16.1500
20,15.5000
21,13.0000
22,11.8000
23,10.9000
0,9.4000
1,8.7000
2,8.2000
3,7.9000
4,7.0000
5,6.2000
6,7.0000
7,9.4000
8,13.9000
9,15.4000
10,16.0000
11,17.1000
12,17.4000
13,17.9000
14,19.0000
15,19.4000
16,19.0000
17,19.7000
18,19.7000
19,19.7000
20,17.9000
21,15.7000
22,13.8000
23,13.3000
0,12.1000
1,11.6000
2,10.7000
3,10.4000
4,10.2000
5,10.7000
6,11.4000
7,14.3000
8,16.7000
9,19.5000
10,20.9000
11,20.8000
12,21.3000
13,22.1000
14,22.4000
15,22.9000
16,22.7000
17,22.7000
18,22.5000
19,22.1000
20,21.6000
21,20.9000
22,20.3000
23,19.7000
0,19.5000
1,19.2000
2,18.5000
3,18.1000
4,17.9000
5,18.0000
6,17.3000
7,14.0000
8,12.8000
9,13.4000
10,13.0000
11,13.8000
12,16.2000
13,17.9000
14,18.9000
15,19.7000
16,20.0000
17,20.7000
18,19.9000
19,19.4000
20,18.9000
21,17.8000
22,16.9000
23,16.1000
0,14.8000
1,14.8000
2,14.5000
3,15.2000
4,15.0000
5,14.1000
6,13.9000
7,14.4000
8,15.1000
9,15.5000
10,17.1000
11,18.8000
12,20.0000
13,20.9000
14,20.4000
15,21.2000
16,21.1000
17,20.7000
18,20.3000
19,20.0000
20,20.1000
21,20.0000
22,13.4000
23,10.5000
0,10.4000
1,10.2000
2,10.1000
3,10.0000
4,9.9000
5,9.9000
6,9.9000
7,10.2000
8,10.9000
9,12.1000
10,14.4000
11,15.6000
12,15.6000
13,17.0000
14,17.7000
15,17.8000
16,18.2000
17,18.1000
18,18.2000
19,17.8000
20,14.4000
21,13.4000
22,11.3000
23,11.0000
0,10.9000
1,10.9000
2,10.8000
3,11.2000
4,11.5000
5,11.4000
6,10.0000
7,10.5000
8,12.6000
9,14.9000
10,16.2000
11,16.9000
12,17.0000
13,18.3000
14,19.5000
15,19.5000
16,19.4000
17,20.3000
18,19.6000
19,19.6000
20,18.2000
21,16.4000
22,15.5000
23,14.7000
0,15.3000
1,15.9000
2,15.7000
3,15.2000
4,14.8000
5,13.9000
6,13.9000
7,14.5000
8,14.3000
9,13.7000
10,13.2000
11,13.2000
12,13.9000
13,15.8000
14,16.4000
15,16.7000
16,17.7000
17,18.2000
18,18.5000
19,18.6000
20,18.6000
21,18.2000
22,17.8000
23,17.2000
0,16.1000
1,16.7000
2,16.7000
3,15.4000
4,15.9000
5,15.5000
6,15.5000
7,15.6000
8,15.5000
9,16.0000
10,16.2000
11,16.2000
12,13.5000
13,12.9000
14,14.7000
15,15.7000
16,16.7000
17,17.6000
18,17.9000
19,17.3000
20,16.7000
21,15.5000
22,14.3000
23,14.0000
1,13.3000
2,13.5000
3,13.9000
4,13.3000
5,13.0000
6,13.0000
7,14.0000
8,15.3000
9,17.7000
10,19.5000
11,20.5000
12,22.3000
13,23.5000
14,24.3000
15,25.3000
16,25.4000
17,25.5000
18,25.7000
19,25.4000
20,24.7000
21,22.0500
22,20.5500
23,19.8500
0,19.2500
1,19.8000
2,18.4000
3,19.2000
4,17.7000
5,17.0000
6,17.4000
7,18.8000
8,19.3500
9,20.8500
10,23.2000
11,23.3500
12,25.9000
13,25.5000
14,26.5500
15,26.8000
16,27.6000
17,27.5000
18,27.1500
19,24.1500
20,23.0000
21,20.3000
22,18.7500
23,16.6000
0,16.1000
1,15.9000
2,15.6000
3,15.0000
4,14.6000
5,14.3000
6,13.6000
7,13.3500
8,14.6500
9,16.6500
10,18.1000
11,20.0000
12,20.3500
13,20.6000
14,21.3500
15,21.1000
16,21.7000
17,21.6500
18,22.0000
19,21.2000
20,20.5000
21,18.7000
22,17.2000
23,16.0000
0,14.8500
1,14.2500
2,13.7500
3,13.4000
4,14.4000
5,15.3500
6,15.3500
7,16.6500
8,19.0000
9,20.0000
10,20.8500
11,20.5500
12,21.8000
13,23.4000
14,23.4000
15,23.2500
16,23.1500
17,22.9000
18,22.7500
19,22.4000
20,21.5000
21,20.9500
22,20.2500
23,19.3000
0,19.1000
1,18.5500
2,18.4000
3,17.2500
4,17.5500
5,17.4000
6,17.3000
7,17.4000
8,17.1500
9,18.0500
10,18.6500
11,17.8000
12,17.9000
13,18.9000
14,20.0000
15,20.3500
16,20.6500
17,20.8000
18,20.5500
19,20.4500
20,19.5500
21,18.3000
22,17.8000
23,16.8500
0,16.5000
1,15.9000
2,15.3500
3,14.2500
4,13.2000
5,12.7000
6,14.0500
7,15.9500
8,18.4500
9,20.0000
10,20.9000
11,21.4000
12,22.6500
13,22.6500
14,23.4000
15,23.3000
16,24.0000
17,23.2000
18,23.4000
19,23.2000
20,22.5000
21,20.6000
22,19.0000
23,17.6000
0,16.4000
1,15.5000
2,15.0000
3,14.6000
4,14.0000
5,13.5000
6,14.8000
7,17.2000
8,20.5000
9,23.4000
10,23.0000
11,23.0000
12,25.1000
13,25.2000
14,24.9000
15,25.5000
16,25.8000
17,26.2000
18,25.4000
19,25.1000
20,24.8000
21,23.7000
22,22.3000
23,21.4000
0,20.5000
1,20.5000
2,19.1000
3,19.3000
4,19.0000
5,18.3000
6,19.5000
7,20.9000
8,23.3000
9,25.8000
10,26.9000
11,25.3000
12,26.4000
13,27.2000
14,27.7000
15,27.7000
16,27.1000
17,28.5000
18,27.6000
19,27.5000
20,26.7000
21,25.0000
22,23.3000
23,21.9000
0,20.4000
1,20.0000
2,19.3000
3,17.9000
4,17.4000
5,18.6000
6,19.1000
7,21.3000
8,24.3000
9,26.9000
10,27.4000
11,27.7000
12,28.3000
13,28.5000
14,28.6000
15,28.9000
16,28.3000
17,28.1000
18,28.2000
19,28.4000
20,27.7000
21,26.7000
22,25.4000
23,23.2000
0,21.3000
1,20.5000
2,20.1000
3,19.2000
4,18.8000
5,18.1000
6,18.4000
7,19.3000
8,21.0000
9,23.5000
10,24.5000
11,26.9000
12,28.0000
13,28.6000
14,28.0000
15,28.6000
16,28.9000
17,28.8000
18,28.8000
19,28.4000
20,27.6000
21,26.3000
22,23.6000
23,21.7000
0,20.0000
1,19.1000
2,18.3000
3,17.4000
4,17.2000
5,17.1000
6,18.8000
7,20.9000
8,24.1000
9,27.0000
10,28.2000
11,28.5000
12,30.0000
13,30.1000
14,29.9000
15,30.8000
16,30.3000
17,30.6000
18,30.2000
19,29.2000
20,28.1000
21,25.9000
22,24.3000
0,23.0000
1,21.7000
2,21.2000
3,20.0000
4,19.3000
5,18.2000
6,18.5000
7,19.8000
8,21.8000
9,23.5000
10,24.8000
11,26.3000
12,26.9000
13,27.3000
14,27.4000
15,27.7000
16,28.1000
17,26.6000
18,25.3000
19,25.4000
20,25.1000
21,24.2000
22,23.2000
23,22.8000
0,21.6000
1,20.6000
2,19.5000
3,18.8000
4,18.1000
5,17.4000
6,18.1000
7,19.0000
8,21.2000
9,23.4000
10,25.1000
11,25.0000
12,24.8000
13,26.1000
14,28.1000
15,26.3000
16,25.9000
17,27.1000
18,27.0000
19,26.2000
20,25.9000
21,24.5000
22,23.7000
23,23.2000
0,23.4000
1,23.6000
2,22.9000
3,22.2000
4,21.3000
5,20.9000
6,21.8000
7,19.9000
8,17.8000
9,18.3000
10,15.6000
11,17.2000
12,18.5000
13,19.1000
14,19.7000
15,20.8000
16,20.9000
17,21.5000
18,20.6000
19,20.2000
20,19.3000
21,18.3000
22,17.3000
23,16.4000
0,15.7000
1,15.2000
2,14.4000
3,14.2000
4,13.2000
5,12.5000
6,12.7000
7,13.2000
8,14.7000
9,16.9000
10,18.0000
11,19.3000
12,19.8000
13,19.9000
14,20.4000
15,21.3000
16,22.8000
17,20.3000
18,20.9000
19,19.7000
20,19.6000
21,18.2000
22,17.1000
23,16.8000
0,16.3000
1,16.2000
2,15.9000
3,15.2000
4,14.8000
5,14.4000
6,14.7000
7,15.6000
8,17.9000
9,20.4000
10,21.9000
11,22.3000
12,21.5000
13,22.0000
14,23.0000
15,24.1000
16,23.1000
17,24.8000
18,22.2000
19,22.1000
20,22.0000
21,20.7000
22,19.0000
23,17.6000
0,17.0000
1,15.9000
2,15.3000
3,14.8000
4,14.3000
5,13.8000
6,15.6000
7,17.4000
8,19.3000
9,21.8000
10,22.5000
11,23.2000
12,24.0000
13,24.0000
14,24.4000
15,24.2000
16,21.7000
17,21.4000
18,21.0000
19,19.1000
20,15.4000
21,14.9000
22,14.6000
23,14.5000
0,14.3000
1,13.9000
2,13.6000
3,13.7000
4,13.6000
5,13.7000
6,13.8000
7,14.0000
8,15.0000
9,17.7000
10,16.7000
11,19.9000
12,21.5000
13,21.8000
14,22.0000
15,20.6000
16,22.1000
17,22.7000
18,23.3000
19,23.1000
20,22.3000
21,20.2000
22,18.4000
23,17.2000
0,16.1500
1,15.6000
2,15.2000
3,16.0000
4,15.7000
5,17.0000
6,17.5000
7,18.0000
8,20.3000
9,24.2000
10,24.8000
11,25.9000
12,26.4000
13,27.2000
14,27.8000
15,28.4000
16,28.8000
17,29.0000
18,28.8000
19,28.6000
20,27.6000
21,26.0000
22,24.8000
23,24.0000
0,24.0000
1,23.5000
2,22.9000
3,22.2000
4,21.1000
5,20.6000
6,20.3000
7,21.1000
8,22.4000
9,24.9000
10,27.3000
11,28.3000
12,29.4000
13,30.3000
14,30.0000
15,31.0750
16,31.8000
17,31.6000
18,31.5000
19,30.9000
20,29.8000
21,28.5000
22,27.3000
23,26.3000
0,25.2000
1,24.8000
2,23.9000
3,23.4000
4,22.9000
5,22.1000
6,22.7000
7,22.5000
8,23.4000
9,25.4000
10,27.1000
11,28.7000
12,28.9000
13,27.5000
14,24.3000
15,17.8000
16,16.6000
17,17.5000
18,18.8000
19,19.1000
20,19.1000
21,18.4000
22,16.8000
23,15.8000
0,14.7000
1,13.7000
2,12.8000
3,12.9000
4,12.5000
5,12.2000
6,12.0000
7,12.1000
8,13.0000
9,13.4000
10,14.0000
11,15.8000
12,16.8000
13,17.9000
14,18.2000
15,18.4000
16,19.1000
17,18.8000
18,19.2000
19,17.7000
20,16.8000
21,15.7000
22,14.7000
23,14.5000
0,14.9000
1,14.7000
2,14.6000
3,14.4000
4,14.2000
5,13.7000
6,14.1000
7,14.9000
8,15.5000
9,16.4000
10,18.1000
11,19.5000
13,20.7000
14,20.7000
15,20.3000
16,20.7000
17,21.1000
18,20.9000
19,20.6000
20,19.8000
21,19.2000
22,18.9000
23,18.4000
0,18.5000
1,17.8000
2,17.1000
3,17.2000
4,17.2000
5,17.1000
6,17.9000
7,18.2000
8,19.1000
9,20.7000
10,21.6000
11,22.1000
12,23.4000
13,23.8000
14,24.3000
15,25.7000
16,26.1000
17,26.3000
18,26.1000
19,25.7000
20,25.1000
21,23.9000
22,22.4000
23,20.5000
0,20.2000
1,18.4000
2,17.5000
3,17.0000
4,16.1000
6,17.9000
7,18.6000
8,20.2000
9,22.0000
10,24.0000
11,24.4000
12,24.9000
13,25.4000
14,26.1000
15,26.0000
16,26.7000
17,26.8000
18,26.0000
19,25.8000
20,25.2000
21,24.3000
22,23.2000
23,22.3000
0,21.3000
1,21.4000
2,20.0000
3,19.1000
4,18.7000
5,18.5000
6,19.5000
7,20.4000
8,21.0000
9,23.1000
10,24.8000
11,25.4000
12,26.1000
13,27.2000
14,27.3000
15,27.6000
16,27.9000
17,28.2000
18,27.7000
19,27.4000
20,26.3000
21,25.3000
22,24.2000
23,22.6000
0,21.6000
1,21.2000
2,20.8000
3,20.7000
4,19.6000
5,19.2000
6,19.7000
7,21.7000
8,22.8000
9,23.9000
10,25.4000
11,27.5000
12,28.2000
13,28.9000
14,29.8000
15,30.8000
16,30.7000
17,30.3000
18,30.0000
19,29.3000
20,28.5000
21,27.6000
22,25.2000
23,23.7000
0,22.7000
1,21.8000
2,21.3000
3,20.8000
4,20.1000
5,19.5000
6,20.9000
7,23.4000
8,25.8000
9,28.5000
10,28.8000
11,29.7000
12,30.7000
13,31.1000
14,31.8000
15,31.4000
16,31.9000
17,32.3000
18,31.7000
19,31.7000
20,31.1000
21,29.6000
22,27.9000
23,28.0000
0,27.2000
1,25.0000
2,24.3000
3,23.6000
4,22.6000
5,22.7000
6,23.0000
7,25.0000
8,26.9000
9,27.6000
10,28.7000
11,29.4000
12,30.7000
13,31.8000
14,31.9000
15,28.7000
16,26.8000
17,24.5000
18,24.4000
19,21.0000
20,19.7000
21,19.3000
22,19.3000
23,19.4000
0,19.5000
1,19.0000
2,19.0000
3,18.7000
4,18.1000
5,17.8000
6,18.4000
7,19.4000
8,21.0000
9,22.1000
10,23.7000
11,24.0000
12,25.8000
13,26.1000
14,26.7000
15,27.1000
16,27.4000
17,27.4000
18,27.3000
19,26.6000
20,26.0000
21,25.3000
22,24.6000
23,23.3000
0,21.7000
1,20.8000
2,20.0000
3,19.8000
4,19.7000
5,20.2000
6,19.9000
7,20.9000
8,23.4000
9,25.5000
10,27.7000
11,28.0000
12,28.0000
13,27.6000
14,27.8000
15,29.6000
16,29.3000
17,28.4000
18,28.2000
19,27.6000
20,26.6000
21,25.6000
22,24.4000
23,23.2000
0,22.5000
1,20.8000
2,19.6000
3,18.6000
4,19.3000
5,18.8000
6,19.7000
7,19.8000
8,20.8000
9,22.6000
10,23.4000
11,25.2000
12,25.7000
13,26.5000
14,27.0000
15,27.1000
16,27.0000
17,26.9000
18,26.6000
19,26.4000
20,25.6000
21,24.5000
22,23.3000
23,22.4000
0,21.3000
1,21.2000
2,20.2000
3,19.6000
4,19.6000
5,19.1000
6,19.9000
7,20.7000
8,23.0000
9,25.6000
10,26.0000
11,26.6000
12,27.8000
13,26.4000
14,25.5000
16,23.4000
17,22.9000
18,22.5000
19,22.9000
20,22.3000
21,22.0000
22,20.7000
23,19.7000
0,19.3000
1,19.4000
2,18.5000
3,18.0000
4,17.5000
5,17.7000
6,18.9000
7,20.4000
8,23.2000
9,25.7000
11,27.5000
12,28.2000
13,29.0000
14,29.1000
15,29.2000
16,29.6000
17,29.6000
18,30.0000
19,29.6000
20,28.6000
21,27.1000
22,25.2000
23,24.3000
0,24.2000
1,24.6000
2,24.1000
3,22.7000
4,21.4000
5,21.1000
6,21.9000
7,23.9000
8,25.1000
9,27.4000
10,28.4000
12,30.4000
13,30.0000
14,31.0000
15,31.0000
16,30.5000
17,30.9000
18,31.3000
19,30.8000
20,30.3000
21,29.2000
22,28.2000
23,27.2000
0,26.7000
1,26.2000
2,25.4000
3,24.4000
4,23.3000
5,23.4000
6,23.8000
7,24.9000
8,26.2000
9,28.9000
10,29.9000
11,31.3000
12,32.4000
13,32.8000
14,33.1000
15,32.5000
16,28.9000
17,22.1000
18,21.7000
19,21.4000
20,20.4000
21,20.1000
0,19.2000
1,18.8000
2,17.5000
3,16.7000
4,15.6000
5,15.1000
6,15.0000
7,15.3000
8,15.5000
9,16.2000
10,17.6000
11,18.8000
12,19.8000
13,20.9000
14,21.0000
15,22.1000
16,22.6000
17,22.1000
18,22.2000
19,22.4000
20,21.5000
21,20.3000
22,19.6000
23,19.4000
0,19.0000
1,18.5000
2,18.7000
3,18.3000
4,18.0000
5,17.3000
6,16.0000
7,16.5000
8,17.2000
9,18.2000
10,17.9000
11,18.1000
12,19.4000
13,21.1000
14,21.2000
15,21.5000
16,22.2000
17,22.3000
18,22.1000
19,22.5000
20,21.8000
21,21.0000
22,20.7000
23,20.4000
0,19.0000
1,18.7000
2,18.3000
3,17.7000
4,18.5000
5,18.1000
6,17.8000
7,18.6000
8,17.9000
9,18.3000
10,17.9000
11,17.5000
12,18.2000
13,19.3000
14,19.0000
15,18.8000
16,19.0000
17,18.9000
18,18.8000
19,18.9000
20,18.8000
21,18.3000
22,17.9000
23,18.0000
0,17.7000
1,17.5000
2,17.2000
3,16.7000
4,16.3000
5,15.7000
6,15.6000
7,16.6000
8,18.1000
9,20.2000
10,21.0000
11,21.5000
12,21.6000
13,23.2000
14,24.5000
15,24.3000
16,24.4000
17,23.1000
18,22.6000
19,22.3000
20,21.7000
21,21.0000
22,20.3000
23,19.6000
0,18.8000
1,18.1000
2,17.3000
3,16.8000
4,15.9000
5,15.5000
6,15.7000
7,15.8000
8,15.7000
9,17.4000
10,20.2000
11,20.6000
12,21.3000
13,21.9000
14,18.7000
15,18.3000
16,18.4000
17,17.9000
18,17.0000
19,17.0000
20,16.5000
21,16.0000
22,15.1000
23,15.3000
0,15.0000
1,14.7000
2,14.5000
3,13.9000
4,14.0000
5,13.7000
6,13.5000
7,13.5000
8,15.1000
9,17.0000
10,16.7000
11,17.3000
12,18.4000
13,19.4000
14,20.3000
15,13.4000
16,14.0000
17,17.0000
18,17.7000
19,17.1000
20,16.4000
21,15.8000
22,15.8000
23,15.6000
0,15.3000
1,15.2000
2,15.1000
3,15.0000
4,14.8000
5,14.0000
6,13.6000
7,13.8000
8,13.7000
9,13.6000
10,14.0000
11,14.1000
12,14.6000
13,14.9000
14,15.4000
15,15.2000
16,15.2000
17,15.7000
18,16.0000
20,16.5000
21,15.6000
22,15.1000
23,15.3000
0,15.4000
1,15.5000
2,15.4000
3,15.4000
4,15.3000
5,15.0000
6,14.8000
7,14.9000
8,15.2000
9,17.4000
10,20.1000
11,20.7000
12,20.9000
13,22.5000
14,23.5000
15,24.3000
16,25.6000
17,26.0000
18,26.1000
19,25.8000
20,24.9000
21,22.8000
22,21.2000
23,20.6000
0,20.4000
1,19.5000
2,19.3000
3,19.0000
4,19.0000
5,18.5000
6,18.3000
7,17.2000
8,17.4000
9,19.3000
10,21.3000
11,24.3000
12,22.2000
13,21.4000
14,19.9000
15,18.4000
16,20.3000
17,20.9000
18,21.7000
19,21.9000
20,20.9000
21,19.2000
22,17.7000
23,17.0000
0,16.2500
1,15.3000
2,14.8000
3,14.3000
4,13.6000
5,13.5000
6,14.3000
7,15.5000
8,17.2000
9,20.2000
10,21.6000
11,22.4000
12,22.8000
13,22.8000
14,23.6000
15,23.7000
16,24.1000
17,23.2000
18,23.9000
19,22.9000
20,22.2000
21,21.6000
22,20.8000
23,20.0000
0,18.4000
1,17.9000
2,17.9000
3,17.6000
4,17.3000
5,16.6000
6,16.2000
7,16.0000
8,18.2000
9,17.7000
10,14.9000
11,15.0000
12,16.9000
13,19.1000
14,19.2000
15,19.3000
16,17.1000
17,18.3000
18,18.2000
19,17.3000
20,13.3000
21,13.0000
22,13.2000
23,12.5000
0,12.2000
1,12.1000
2,12.1000
3,11.8000
4,11.5000
5,11.1000
6,11.2000
7,12.1000
8,13.9000
9,16.8000
10,18.8000
11,19.7000
12,20.3000
13,21.8000
14,22.2000
15,21.7000
16,22.1000
17,22.9000
18,23.0000
19,22.2000
20,20.8000
21,19.8000
22,18.5000
23,17.6000
0,16.7000
1,15.4000
2,15.8000
3,15.5000
4,15.6000
5,15.7000
6,15.6000
7,15.8000
8,16.4000
9,17.7000
10,18.2000
11,17.8000
12,19.2000
13,17.7000
14,20.4000
15,22.1000
16,17.1000
17,19.8000
18,20.1000
19,20.9000
20,18.3000
21,18.9000
22,18.5000
23,17.8000
0,17.2333
1,16.4000
3,15.6000
4,15.5000
5,15.2000
6,15.2000
7,16.1000
8,17.8000
9,20.7000
10,22.1000
11,23.4000
12,24.0000
13,24.8000
14,25.4000
15,26.1000
16,27.4000
17,23.0000
18,25.6000
19,24.3000
20,22.7000
21,20.7000
22,19.7000
23,18.4000
0,17.1000
1,16.4000
2,15.6000
3,14.8000
4,14.1000
5,13.6000
6,13.4000
7,14.4000
8,16.2000
9,19.8000
10,21.1000
11,22.0000
12,23.4000
13,23.4000
14,24.6000
15,25.3000
16,26.3000
17,25.9000
18,25.4000
19,25.4000
20,24.8000
21,23.9000
22,20.7000
23,19.4000
1,18.2000
2,17.6000
3,16.6000
4,16.0000
5,15.6000
6,15.7000
7,16.4000
8,18.6000
9,20.5000
10,21.8000
11,23.0000
12,23.8000
13,24.3000
14,25.1000
15,25.6000
16,25.9000
17,25.9000
18,25.6000
19,25.0000
20,24.2000
21,22.8000
22,21.5000
23,20.7000
0,20.4000
1,19.4000
2,18.3000
3,17.9000
4,17.3000
5,16.6000
6,16.7000
7,18.1000
8,20.8000
9,22.5000
10,24.5000
11,24.9000
12,24.8000
13,26.3000
14,26.9000
15,27.0000
16,27.5000
17,27.9000
18,27.8000
19,27.4000
20,26.5000
21,24.2000
22,23.2000
23,22.9000
0,22.0000
1,21.5000
3,21.3000
4,21.1000
5,20.6000
6,20.6000
7,22.0000
8,23.9000
9,25.5000
10,26.7000
12,28.7000
13,27.8000
14,27.9000
15,26.1000
16,23.5000
17,20.5000
18,20.0000
19,19.5000
20,19.3000
21,19.0000
22,19.1000
23,19.0000
1,18.9000
2,18.3000
3,17.5000
4,16.8000
5,16.3000
6,16.1000
7,16.1000
8,17.1000
9,18.7000
10,20.8000
11,21.5000
12,22.3000
13,22.8000
14,22.7000
15,24.3000
16,24.1000
17,24.0000
18,24.1000
19,22.8000
20,22.2000
21,20.7000
22,19.8000
0,19.4000
1,18.5000
3,16.8000
4,16.3000
5,15.7000
6,15.3000
7,16.3000
8,18.3000
9,20.5000
10,22.1000
11,23.1000
12,22.9000
13,25.1000
14,24.8000
15,25.6000
16,26.2000
17,26.0000
18,25.5000
19,25.5000
20,24.5000
21,22.4000
22,20.8000
23,19.5000
0,18.8000
1,18.3000
2,17.6000
3,17.2000
4,17.2000
5,17.1000
6,19.1000
7,20.0000
8,22.2000
9,25.2000
10,26.6000
11,27.1000
12,27.9000
13,27.8000
14,28.3000
15,25.3000
16,22.9000
17,23.0000
18,22.0000
19,21.9000
20,21.8000
21,21.2000
22,20.3000
23,19.4000
0,18.8000
1,18.5000
2,18.1000
3,17.7000
4,16.9000
5,16.3000
6,16.0000
7,17.0000
8,18.8000
9,20.9000
10,22.3000
11,23.3000
12,23.9000
13,25.1000
14,24.4000
15,25.1000
16,26.0000
17,24.9000
18,24.5000
19,24.1000
20,23.1000
21,21.4000
22,20.1000
23,18.9000
0,18.0000
1,17.5000
2,17.2000
3,17.3000
4,16.5000
5,15.5000
6,15.5000
7,17.8000
8,21.1000
9,23.3000
10,24.6000
11,25.6000
12,25.3000
13,25.9000
14,27.4000
15,27.1000
16,26.4000
17,25.8000
18,26.3000
19,26.0000
20,24.9000
21,23.9000
22,23.4000
23,23.4000
0,23.1000
1,22.6000
2,22.2000
3,21.6000
4,20.8000
5,20.7000
6,20.5000
7,20.9000
8,21.4000
9,23.4000
10,24.6000
11,26.0000
12,27.1000
13,27.6000
14,27.8000
15,28.6000
16,28.2000
17,28.2000
18,28.2000
19,27.9000
20,26.8000
21,25.7000
22,24.7000
23,23.9000
0,23.3000
1,22.7000
2,22.3000
3,22.1000
4,21.4000
5,20.6000
6,20.7000
7,21.2000
8,22.0000
9,23.8000
10,24.6000
11,25.8000
12,26.9000
13,28.0000
14,28.1000
15,28.7000
16,28.6000
17,28.2000
18,28.1000
19,27.3000
21,25.5000
22,24.4000
23,23.6000
0,22.5000
1,21.7000
2,21.0000
3,20.3000
5,19.2000
6,18.7000
7,19.1000
8,20.8000
9,21.4000
10,22.9000
11,24.9000
12,26.3000
13,26.6750
14,27.4500
15,27.4500
16,26.9000
17,27.1000
18,26.1000
20,24.1000
21,23.2000
22,23.0000
23,22.3000
0,21.9000
1,21.8000
2,21.2000
3,21.1000
4,20.6000
5,20.3000
6,19.8000
7,20.0000
8,20.2000
9,18.7000
10,18.3000
11,18.4000
12,19.0000
13,18.8000
14,19.2000
15,19.4000
16,19.1000
17,18.8000
18,18.2000
19,17.8000
20,17.7000
21,17.9000
22,18.0000
23,18.1000
0,17.9000
1,17.9000
2,17.7000
3,17.6000
4,17.6000
5,17.7000
6,17.5000
7,17.8000
8,18.3000
9,19.0000
10,20.6000
11,22.4000
12,23.5000
13,21.5000
14,23.0000
15,24.7000
16,22.0000
17,22.4000
18,20.2000
19,20.3000
20,19.8000
21,19.9000
22,19.8000
23,19.4000
0,19.4000
1,19.3000
2,19.0000
3,18.7000
4,18.7000
5,18.8000
6,18.7000
7,18.9000
8,19.4000
9,19.5000
10,20.5000
11,21.1000
12,23.0000
13,24.4000
14,24.9000
15,23.7000
16,22.4000
17,22.0000
18,23.4000
19,21.4000
20,21.0000
21,20.4000
22,20.2000
23,19.8000
0,19.5000
1,19.3000
2,18.6000
3,18.5000
4,18.3000
5,17.9000
6,17.9000
7,18.0000
8,18.1000
9,18.3000
10,18.9000
11,19.6000
12,20.2000
13,21.2000
14,21.6000
15,23.8000
16,24.6000
17,25.4000
18,25.6000
19,24.4000
20,21.0000
21,20.7000
22,20.0000
23,19.8000
0,20.1000
1,19.9000
2,19.7000
3,19.5000
4,19.2000
5,18.8000
6,18.6000
7,19.1000
8,20.5000
9,22.1000
10,23.8000
11,25.0000
12,26.2000
13,27.6000
14,27.6000
15,28.2000
16,28.6000
17,28.6000
18,28.5000
19,28.2000
20,27.2000
21,25.2000
22,24.0000
23,23.1000
0,22.0000
1,21.3000
2,21.0000
3,20.8000
4,20.3000
5,20.1000
6,19.7000
7,20.7000
8,25.4000
9,25.5000
10,26.7000
11,28.5000
12,29.3000
13,27.7000
14,25.1000
15,22.3000
16,20.6000
17,20.3000
18,19.8000
19,19.7000
20,19.3000
21,19.0000
22,18.9000
23,18.8000
0,18.5000
1,18.2000
2,17.7000
3,17.3000
4,17.0000
5,16.9000
6,16.8000
7,16.9000
8,17.1000
9,17.2000
10,17.5000
11,17.9000
12,18.3000
13,18.9000
14,19.1000
15,20.6000
16,21.0000
17,20.6000
18,20.8000
19,20.5000
20,19.9000
21,18.8000
22,18.5000
23,18.0000
0,17.7000
1,17.7000
2,17.2000
3,17.3000
4,17.5000
5,17.8000
6,17.3000
7,17.7000
8,19.4000
9,19.5000
10,20.4000
11,20.8000
12,21.3000
13,21.4000
14,21.5000
15,21.4000
16,21.5000
17,21.3000
18,21.1000
19,20.6000
20,19.5000
21,19.1000
22,18.9000
23,18.6000
0,18.3000
1,17.8000
2,17.8000
3,17.7000
4,17.2000
5,16.4000
6,15.6000
7,15.5000
8,16.9000
9,17.8000
10,17.8000
11,18.8000
12,19.9000
13,20.4000
14,21.3000
15,21.5000
16,20.8000
17,21.2000
18,21.5000
19,21.1000
20,20.5000
21,20.0000
22,19.1000
23,18.6000
0,18.8000
1,18.3000
2,17.5000
3,17.6000
4,17.4000
5,17.2000
6,16.9000
7,17.1000
8,17.1000
9,17.2000
10,17.9000
11,17.6000
12,18.2000
13,19.3000
14,21.2000
15,22.4000
16,22.6000
17,23.2000
18,23.3000
19,23.1000
20,22.4000
21,22.2000
22,22.0000
23,22.1000
0,22.1000
1,21.6000
2,20.9000
3,20.3000
4,19.9000
5,19.9000
6,19.6000
7,19.7000
8,20.1000
9,21.8000
10,22.0000
11,22.9000
12,24.0000
13,25.0000
14,24.9000
15,24.3000
16,24.8000
17,25.2000
18,25.1000
19,24.7000
20,24.5000
21,24.2000
22,23.8000
23,23.7000
0,23.8000
1,23.3000
2,22.3000
3,21.9000
4,21.4000
5,20.7000
6,20.4000
7,19.4000
8,18.5000
9,19.3000
10,20.8000
11,19.9000
12,20.1000
13,22.9000
14,25.2000
15,25.9000
16,26.2000
17,26.0000
18,26.4000
19,25.9000
20,25.4000
21,24.7000
22,23.5000
23,22.7000
0,22.1000
1,21.5000
2,21.8000
3,21.2000
4,20.9000
5,20.6000
6,20.3000
7,20.7000
8,20.4000
9,20.9000
10,22.0000
11,24.8000
12,26.1000
13,26.9000
14,27.2000
15,27.3000
16,27.3000
17,25.7000
18,24.9000
19,24.6000
20,23.9000
21,23.2000
22,22.6000
23,21.9000
0,21.2000
1,21.1000
2,20.8000
3,20.8000
4,20.1000
5,19.9000
6,19.9000
7,20.0000
8,20.5000
9,22.0000
10,23.4000
11,24.3000
12,24.8000
13,25.0000
14,25.0000
15,24.4000
16,24.5000
20,25.6000
21,24.8000
22,23.6000
23,22.7000
0,23.1000
1,23.2000
2,23.9000
3,24.1000
4,24.2000
5,20.2000
6,20.3000
7,20.6000
8,22.0000
9,22.9000
10,22.6000
13,20.9000
14,20.9000
15,22.0000
16,22.4000
17,22.3000
18,22.1000
19,20.1000
20,19.9000
21,19.5000
22,18.8000
23,18.8000
0,18.7000
1,18.5000
2,18.0000
3,17.6000
4,16.9000
5,16.8000
6,16.5000
7,16.9000
8,19.1000
9,20.1000
10,22.9000
11,24.3000
12,24.7000
13,25.5000
14,26.7000
15,27.1000
16,27.3000
17,26.9000
18,26.7000
19,26.1000
20,25.7000
21,24.3000
22,23.3000
23,22.5000
0,21.8000
1,21.9000
2,21.2000
3,20.5000
4,19.8000
5,19.3000
6,18.9000
7,19.0000
8,20.2000
9,21.4000
10,23.5000
11,25.3000
12,26.0000
13,27.3000
14,27.1000
15,28.0000
16,28.5000
17,28.6000
18,28.2000
19,27.8000
20,26.5000
21,25.5000
22,24.4000
23,23.2000
0,22.4000
1,21.7000
2,20.6000
3,19.8000
4,19.7000
5,19.0000
6,18.5000
7,18.7000
8,19.8000
9,20.7000
10,22.3000
11,23.2000
12,24.1000
13,24.5000
14,24.8000
15,24.8000
16,23.2000
17,22.3000
18,22.3000
19,21.9000
20,21.1000
21,20.5000
22,19.7000
23,18.7000
0,18.2000
1,17.8000
2,17.1000
3,17.1000
4,16.3000
5,16.1000
6,16.9000
7,17.1000
8,17.5000
9,18.4000
10,19.4000
11,20.3000
12,21.1000
13,21.6000
14,21.8000
15,22.4000
16,22.8000
17,22.6000
18,22.4000
19,21.9000
20,20.5000
21,20.3000
22,20.0000
23,19.9000
0,19.7000
1,19.0000
2,18.7000
3,18.3000
4,18.0000
5,18.1000
6,18.2000
7,18.1000
8,18.8000
9,19.8000
10,21.1000
11,22.7000
12,23.9000
13,25.1000
14,26.5000
15,26.7000
16,27.0000
17,26.4000
18,26.1000
19,25.5000
20,24.5000
21,23.6000
22,22.4000
23,21.1000
0,20.0000
1,19.5000
2,19.3000
3,18.7000
4,18.4000
5,18.1000
6,17.5000
7,17.6000
8,19.0000
9,19.6000
10,21.4000
11,23.6000
12,25.5000
13,26.9000
14,27.5000
16,28.3000
17,27.9000
18,27.2000
19,26.1000
20,25.0000
21,23.5000
22,21.5000
23,21.7000
0,21.0000
1,20.5000
2,20.5000
3,19.7000
4,19.9000
5,19.8000
6,19.5000
7,20.1000
8,21.0000
9,22.5000
10,24.0000
11,25.5000
12,26.5000
13,27.9000
14,27.8000
15,28.9000
16,31.0000
17,30.9000
18,29.9000
19,27.9000
20,26.2000
21,24.2000
22,25.0000
23,25.2000
0,24.1000
1,23.0000
2,22.6000
3,22.1000
4,21.6000
5,20.9000
6,20.4000
7,20.3000
8,21.2000
9,22.3000
10,24.0000
11,25.6000
12,28.1000
13,30.4000
14,31.4000
15,31.4000
16,31.3000
17,31.0000
18,30.4000
19,29.5000
20,28.3000
21,26.5000
22,24.9000
23,22.2000
0,21.3000
1,21.0000
2,20.4000
3,19.4000
4,19.1000
5,19.0000
6,18.3000
7,18.5000
8,20.1000
9,21.5000
10,23.3000
11,25.4000
12,28.0000
13,30.6000
14,31.0000
15,31.6000
16,31.1000
17,30.6000
18,30.2000
19,29.5000
20,27.8000
21,26.2000
22,24.6000
23,22.6000
0,21.9000
1,21.0000
2,20.7000
3,20.2000
4,19.6000
5,19.2000
6,18.7000
7,19.2000
8,20.4000
9,21.5000
10,23.0000
11,25.6000
12,28.3000
13,29.2000
14,30.0000
15,29.4000
16,29.6000
17,28.8000
18,28.7000
19,27.8000
20,26.7000
21,25.5000
22,24.3000
23,23.0000
0,22.4000
1,21.7000
2,20.9000
3,20.4000
4,20.2000
5,20.0000
6,19.6000
7,19.7000
8,20.4000
9,20.8000
10,21.2000
11,22.0000
12,23.9000
13,27.1000
14,29.4000
15,28.9000
16,29.5000
17,29.7000
18,28.7000
19,27.4000
20,25.8000
21,23.8000
22,22.3000
23,21.4000
0,20.8000
1,20.4000
2,20.2000
3,21.1000
4,21.5000
5,20.8000
6,20.7000
7,21.4000
8,21.0000
9,20.8000
10,21.6000
11,22.3000
12,23.4000
13,25.5000
14,27.0000
15,26.2000
16,26.1000
17,26.2000
18,25.5000
19,24.3000
20,21.8000
21,21.2000
22,20.1000
23,20.0000
0,18.6000
1,18.8000
2,19.7000
3,19.6000
4,19.4000
5,19.8000
6,19.2000
7,19.2000
8,20.8000
9,21.3000
10,24.3000
11,27.2000
12,29.3000
13,30.4000
14,30.8000
15,31.0000
16,30.3000
17,26.2000
18,26.0000
19,26.2000
20,26.0000
21,25.8000
22,25.0000
23,24.1000
0,23.2000
1,22.7000
2,21.8000
3,21.1000
4,20.4000
5,19.7000
6,19.0000
7,18.5000
8,19.3000
9,21.3000
10,23.0000
11,23.8000
12,24.8000
13,25.6000
14,25.8000
15,26.5000
16,27.0000
17,27.1000
18,26.3000
19,25.1000
20,23.2000
21,22.0000
22,21.3000
23,20.0000
0,19.9000
1,19.2000
2,18.2000
3,17.6000
4,17.1000
5,16.5000
6,16.1000
7,15.8000
8,17.0000
9,19.2000
10,21.2000
11,20.9000
12,22.3000
13,22.8000
14,22.1000
15,23.4000
16,22.8000
17,22.7000
18,22.4000
19,21.6000
20,19.9000
21,18.4000
22,17.5000
23,16.8000
0,16.2000
1,15.2000
2,15.6000
3,15.7000
4,14.5000
5,12.7000
6,12.0000
7,11.8000
8,13.3000
9,16.0000
10,17.5000
11,17.4000
12,19.2000
13,19.6000
14,20.4000
15,20.4000
16,21.5000
17,21.2000
18,19.9000
19,19.2000
20,17.0000
21,15.5000
22,14.8000
23,13.8000
0,13.0000
1,12.6000
2,11.3000
3,10.7000
4,10.2000
5,9.3000
6,9.3000
7,9.5000
8,11.8000
9,14.8000
10,17.3000
11,17.6000
12,17.8000
13,18.9000
14,19.2000
15,18.8000
16,18.4000
17,18.7000
18,18.1000
19,17.4000
20,15.8000
21,15.2000
22,14.9000
23,14.5000
0,14.0000
1,13.7000
2,12.9000
3,12.9000
4,12.5000
5,12.5000
6,12.4000
7,12.5000
8,13.2000
9,13.6000
10,16.1000
11,16.1000
12,16.7000
13,16.9000
14,17.4000
15,17.8000
16,17.5000
17,18.0000
18,17.4000
19,17.2000
20,16.1000
21,15.2000
22,13.9000
23,12.9000
0,13.5000
1,13.1000
2,12.9000
3,11.9000
4,11.3000
5,9.9000
6,9.0000
7,8.9000
8,13.7000
9,14.8000
10,15.9000
11,16.8000
12,18.1000
13,17.8000
14,18.3000
15,18.4000
16,19.1000
17,18.9000
18,18.3000
19,17.6000
20,15.1000
21,13.8000
22,12.9000
23,13.1000
0,14.7000
1,14.7000
2,14.0000
3,13.8000
4,13.6000
5,13.4000
6,13.0000
7,12.9000
8,13.0000
9,13.2000
10,11.0000
11,11.2000
12,16.3000
13,17.5000
14,16.0000
15,17.4000
16,18.0000
17,16.5000
18,16.0000
19,15.7000
20,14.0000
21,13.4000
22,13.0000
23,12.1000
0,11.1000
1,10.6000
2,9.7000
3,8.6000
4,7.9000
5,6.4000
6,6.3000
7,5.9000
8,9.9000
9,9.8000
10,11.1000
11,12.5000
12,14.1000
13,13.5000
14,13.7000
15,14.0000
16,14.3000
17,13.6000
18,13.6000
19,12.9000
20,11.5000
21,10.0000
22,9.9000
23,8.9000
0,7.9000
1,7.2000
2,6.8000
3,7.4000
4,7.4000
5,7.4000
6,7.4000
7,7.2000
8,8.7000
